<?xml version="1.0" encoding="GBK"?>

<database>
  <tables>
    <tablename>TD_SM_ORGUSER</tablename>
    <id>USER_ID</id>
    <rows>
      <ORG_ID data_type="VARCHAR2">5</ORG_ID>
      <USER_ID data_type="NUMBER">4</USER_ID>
    </rows>
    <rows>
      <ORG_ID data_type="VARCHAR2">9</ORG_ID>
      <USER_ID data_type="NUMBER">11</USER_ID>
    </rows>
    <rows>
      <ORG_ID data_type="VARCHAR2">10</ORG_ID>
      <USER_ID data_type="NUMBER">13</USER_ID>
    </rows>
    <rows>
      <ORG_ID data_type="VARCHAR2">28</ORG_ID>
      <USER_ID data_type="NUMBER">31</USER_ID>
    </rows>
    <rows>
      <ORG_ID data_type="VARCHAR2">3</ORG_ID>
      <USER_ID data_type="NUMBER">2</USER_ID>
    </rows>
    <rows>
      <ORG_ID data_type="VARCHAR2">23</ORG_ID>
      <USER_ID data_type="NUMBER">17</USER_ID>
    </rows>
    <rows>
      <ORG_ID data_type="VARCHAR2">26</ORG_ID>
      <USER_ID data_type="NUMBER">24</USER_ID>
    </rows>
    <rows>
      <ORG_ID data_type="VARCHAR2">6</ORG_ID>
      <USER_ID data_type="NUMBER">6</USER_ID>
    </rows>
    <rows>
      <ORG_ID data_type="VARCHAR2">10</ORG_ID>
      <USER_ID data_type="NUMBER">37</USER_ID>
    </rows>
    <rows>
      <ORG_ID data_type="VARCHAR2">10</ORG_ID>
      <USER_ID data_type="NUMBER">12</USER_ID>
    </rows>
    <rows>
      <ORG_ID data_type="VARCHAR2">27</ORG_ID>
      <USER_ID data_type="NUMBER">27</USER_ID>
    </rows>
    <rows>
      <ORG_ID data_type="VARCHAR2">4</ORG_ID>
      <USER_ID data_type="NUMBER">3</USER_ID>
    </rows>
    <rows>
      <ORG_ID data_type="VARCHAR2">9</ORG_ID>
      <USER_ID data_type="NUMBER">10</USER_ID>
    </rows>
    <rows>
      <ORG_ID data_type="VARCHAR2">23</ORG_ID>
      <USER_ID data_type="NUMBER">18</USER_ID>
    </rows>
    <rows>
      <ORG_ID data_type="VARCHAR2">30</ORG_ID>
      <USER_ID data_type="NUMBER">20</USER_ID>
    </rows>
    <rows>
      <ORG_ID data_type="VARCHAR2">30</ORG_ID>
      <USER_ID data_type="NUMBER">21</USER_ID>
    </rows>
    <rows>
      <ORG_ID data_type="VARCHAR2">27</ORG_ID>
      <USER_ID data_type="NUMBER">29</USER_ID>
    </rows>
    <rows>
      <ORG_ID data_type="VARCHAR2">6</ORG_ID>
      <USER_ID data_type="NUMBER">5</USER_ID>
    </rows>
    <rows>
      <ORG_ID data_type="VARCHAR2">30</ORG_ID>
      <USER_ID data_type="NUMBER">19</USER_ID>
    </rows>
    <rows>
      <ORG_ID data_type="VARCHAR2">27</ORG_ID>
      <USER_ID data_type="NUMBER">28</USER_ID>
    </rows>
    <rows>
      <ORG_ID data_type="VARCHAR2">28</ORG_ID>
      <USER_ID data_type="NUMBER">32</USER_ID>
    </rows>
    <rows>
      <ORG_ID data_type="VARCHAR2">24</ORG_ID>
      <USER_ID data_type="NUMBER">36</USER_ID>
    </rows>
    <rows>
      <ORG_ID data_type="VARCHAR2">24</ORG_ID>
      <USER_ID data_type="NUMBER">34</USER_ID>
    </rows>
    <rows>
      <ORG_ID data_type="VARCHAR2">22</ORG_ID>
      <USER_ID data_type="NUMBER">16</USER_ID>
    </rows>
    <rows>
      <ORG_ID data_type="VARCHAR2">26</ORG_ID>
      <USER_ID data_type="NUMBER">23</USER_ID>
    </rows>
    <rows>
      <ORG_ID data_type="VARCHAR2">1</ORG_ID>
      <USER_ID data_type="NUMBER">33</USER_ID>
    </rows>
    <rows>
      <ORG_ID data_type="VARCHAR2">30</ORG_ID>
      <USER_ID data_type="NUMBER">22</USER_ID>
    </rows>
    <rows>
      <ORG_ID data_type="VARCHAR2">29</ORG_ID>
      <USER_ID data_type="NUMBER">30</USER_ID>
    </rows>
    <rows>
      <ORG_ID data_type="VARCHAR2">24</ORG_ID>
      <USER_ID data_type="NUMBER">35</USER_ID>
    </rows>
  </tables>
</database>
