<?xml version="1.0" encoding="GBK"?>

<database>
  <tables>
    <tablename>TD_SM_ORGUSER</tablename>
    <id>USER_ID</id>
    <rows>
      <ORG_ID data_type="VARCHAR2">105</ORG_ID>
      <USER_ID data_type="NUMBER">235</USER_ID>
    </rows>
    <rows>
      <ORG_ID data_type="VARCHAR2">91</ORG_ID>
      <USER_ID data_type="NUMBER">228</USER_ID>
    </rows>
    <rows>
      <ORG_ID data_type="VARCHAR2">87</ORG_ID>
      <USER_ID data_type="NUMBER">248</USER_ID>
    </rows>
    <rows>
      <ORG_ID data_type="VARCHAR2">93</ORG_ID>
      <USER_ID data_type="NUMBER">276</USER_ID>
    </rows>
    <rows>
      <ORG_ID data_type="VARCHAR2">82</ORG_ID>
      <USER_ID data_type="NUMBER">268</USER_ID>
    </rows>
    <rows>
      <ORG_ID data_type="VARCHAR2">93</ORG_ID>
      <USER_ID data_type="NUMBER">242</USER_ID>
    </rows>
    <rows>
      <ORG_ID data_type="VARCHAR2">105</ORG_ID>
      <USER_ID data_type="NUMBER">232</USER_ID>
    </rows>
    <rows>
      <ORG_ID data_type="VARCHAR2">91</ORG_ID>
      <USER_ID data_type="NUMBER">275</USER_ID>
    </rows>
    <rows>
      <ORG_ID data_type="VARCHAR2">84</ORG_ID>
      <USER_ID data_type="NUMBER">249</USER_ID>
    </rows>
    <rows>
      <ORG_ID data_type="VARCHAR2">97</ORG_ID>
      <USER_ID data_type="NUMBER">308</USER_ID>
    </rows>
    <rows>
      <ORG_ID data_type="VARCHAR2">92</ORG_ID>
      <USER_ID data_type="NUMBER">229</USER_ID>
    </rows>
    <rows>
      <ORG_ID data_type="VARCHAR2">87</ORG_ID>
      <USER_ID data_type="NUMBER">247</USER_ID>
    </rows>
    <rows>
      <ORG_ID data_type="VARCHAR2">113</ORG_ID>
      <USER_ID data_type="NUMBER">307</USER_ID>
    </rows>
    <rows>
      <ORG_ID data_type="VARCHAR2">106</ORG_ID>
      <USER_ID data_type="NUMBER">224</USER_ID>
    </rows>
    <rows>
      <ORG_ID data_type="VARCHAR2">88</ORG_ID>
      <USER_ID data_type="NUMBER">245</USER_ID>
    </rows>
    <rows>
      <ORG_ID data_type="VARCHAR2">85</ORG_ID>
      <USER_ID data_type="NUMBER">240</USER_ID>
    </rows>
    <rows>
      <ORG_ID data_type="VARCHAR2">107</ORG_ID>
      <USER_ID data_type="NUMBER">279</USER_ID>
    </rows>
    <rows>
      <ORG_ID data_type="VARCHAR2">113</ORG_ID>
      <USER_ID data_type="NUMBER">305</USER_ID>
    </rows>
    <rows>
      <ORG_ID data_type="VARCHAR2">86</ORG_ID>
      <USER_ID data_type="NUMBER">310</USER_ID>
    </rows>
    <rows>
      <ORG_ID data_type="VARCHAR2">91</ORG_ID>
      <USER_ID data_type="NUMBER">227</USER_ID>
    </rows>
    <rows>
      <ORG_ID data_type="VARCHAR2">107</ORG_ID>
      <USER_ID data_type="NUMBER">278</USER_ID>
    </rows>
    <rows>
      <ORG_ID data_type="VARCHAR2">113</ORG_ID>
      <USER_ID data_type="NUMBER">306</USER_ID>
    </rows>
    <rows>
      <ORG_ID data_type="VARCHAR2">92</ORG_ID>
      <USER_ID data_type="NUMBER">231</USER_ID>
    </rows>
    <rows>
      <ORG_ID data_type="VARCHAR2">93</ORG_ID>
      <USER_ID data_type="NUMBER">243</USER_ID>
    </rows>
    <rows>
      <ORG_ID data_type="VARCHAR2">97</ORG_ID>
      <USER_ID data_type="NUMBER">238</USER_ID>
    </rows>
    <rows>
      <ORG_ID data_type="VARCHAR2">79</ORG_ID>
      <USER_ID data_type="NUMBER">244</USER_ID>
    </rows>
    <rows>
      <ORG_ID data_type="VARCHAR2">85</ORG_ID>
      <USER_ID data_type="NUMBER">241</USER_ID>
    </rows>
    <rows>
      <ORG_ID data_type="VARCHAR2">81</ORG_ID>
      <USER_ID data_type="NUMBER">250</USER_ID>
    </rows>
    <rows>
      <ORG_ID data_type="VARCHAR2">91</ORG_ID>
      <USER_ID data_type="NUMBER">274</USER_ID>
    </rows>
    <rows>
      <ORG_ID data_type="VARCHAR2">107</ORG_ID>
      <USER_ID data_type="NUMBER">280</USER_ID>
    </rows>
    <rows>
      <ORG_ID data_type="VARCHAR2">113</ORG_ID>
      <USER_ID data_type="NUMBER">294</USER_ID>
    </rows>
    <rows>
      <ORG_ID data_type="VARCHAR2">105</ORG_ID>
      <USER_ID data_type="NUMBER">234</USER_ID>
    </rows>
    <rows>
      <ORG_ID data_type="VARCHAR2">97</ORG_ID>
      <USER_ID data_type="NUMBER">237</USER_ID>
    </rows>
    <rows>
      <ORG_ID data_type="VARCHAR2">87</ORG_ID>
      <USER_ID data_type="NUMBER">246</USER_ID>
    </rows>
    <rows>
      <ORG_ID data_type="VARCHAR2">112</ORG_ID>
      <USER_ID data_type="NUMBER">293</USER_ID>
    </rows>
    <rows>
      <ORG_ID data_type="VARCHAR2">107</ORG_ID>
      <USER_ID data_type="NUMBER">277</USER_ID>
    </rows>
    <rows>
      <ORG_ID data_type="VARCHAR2">107</ORG_ID>
      <USER_ID data_type="NUMBER">281</USER_ID>
    </rows>
    <rows>
      <ORG_ID data_type="VARCHAR2">107</ORG_ID>
      <USER_ID data_type="NUMBER">282</USER_ID>
    </rows>
    <rows>
      <ORG_ID data_type="VARCHAR2">105</ORG_ID>
      <USER_ID data_type="NUMBER">233</USER_ID>
    </rows>
    <rows>
      <ORG_ID data_type="VARCHAR2">106</ORG_ID>
      <USER_ID data_type="NUMBER">266</USER_ID>
    </rows>
  </tables>
</database>
