<?xml version="1.0" encoding="GBK"?>

<root>
  <eform>
    <content app_id="module" update_type="clob" update_table="fc_billzl" update_sql="update fc_billzl set xmltext=? where djid=&apos;20090811145437080186&apos;" update_filepath="fc_billzl/xmltext" update_filename="xmltext_20090811145437080186" update_info=""/>
    <content app_id="module" update_type="clob" update_table="fc_billzl" update_sql="update fc_billzl set xmltext=? where djid=&apos;20100524101032750153&apos;" update_filepath="fc_billzl/xmltext" update_filename="xmltext_20100524101032750153" update_info=""/>
    <content app_id="module" update_type="clob" update_table="fc_billzl" update_sql="update fc_billzl set xmltext=? where djid=&apos;20110109100344093560&apos;" update_filepath="fc_billzl/xmltext" update_filename="xmltext_20110109100344093560" update_info=""/>
    <content app_id="module" update_type="clob" update_table="fc_billzl" update_sql="update fc_billzl set designtext=? where djid=&apos;20090811145437080186&apos;" update_filepath="fc_billzl/designtext" update_filename="designtext_20090811145437080186" update_info=""/>
    <content app_id="module" update_type="clob" update_table="fc_billzl" update_sql="update fc_billzl set designtext=? where djid=&apos;20090826084543218899&apos;" update_filepath="fc_billzl/designtext" update_filename="designtext_20090826084543218899" update_info=""/>
    <content app_id="module" update_type="clob" update_table="fc_billzl" update_sql="update fc_billzl set designtext=? where djid=&apos;20100524101032750153&apos;" update_filepath="fc_billzl/designtext" update_filename="designtext_20100524101032750153" update_info=""/>
    <content app_id="module" update_type="clob" update_table="fc_billzl" update_sql="update fc_billzl set designtext=? where djid=&apos;20110109100344093560&apos;" update_filepath="fc_billzl/designtext" update_filename="designtext_20110109100344093560" update_info=""/>
  </eform>
  <report></report>
</root>
